occ_4_digit,occ_4_digit_description,occ_2_digit_47,assist,contact,customer,disease,face2face,outcover,outexposed,proximity,public,vehicleclosed,vehicleopen,wearcommon,wearspecial
12,Senior government managers and officials,0,2.1800001,4.8000002,4.3299999,1.72,4.98,1.65,2.21,2.73,2.9400001,3.04,1.6,2.01,1.35
13,"Senior managers - financial, communications and other business services",0,2.5599999,4.7950001,4.23,1.64,4.9650002,1.53,2.085,2.97,3.395,2.585,1.4549999,2.4299998,1.365
14,"Senior managers - health, education, social and community services and membership organizations",0,2.1800001,4.8000002,4.3299999,1.72,4.98,1.65,2.21,2.73,2.9400001,3.04,1.6,2.01,1.35
15,"Senior managers - trade, broadcasting and other services, n.e.c.",0,2.5599999,4.7950001,4.23,1.64,4.9650002,1.53,2.085,2.97,3.395,2.585,1.4549999,2.4299998,1.365
16,"Senior managers - construction, transportation, production and utilities",0,2.5599999,4.7950001,4.23,1.64,4.9650002,1.53,2.085,2.97,3.395,2.585,1.4549999,2.4299998,1.365
111,Financial managers,1,2.1799998,4.4849997,3.6900001,1.21,4.9549999,1.335,1.335,2.75,2.74,1.825,1.015,1.0650001,1.015
112,Human resources managers,1,2.9966667,4.6233335,2.7633333,1.1733333,4.7433333,1.28,1.2766666,2.5866666,2.4066668,1.88,1.1,1.3000001,1.0866667
113,Purchasing managers,1,2.6300001,4.5700002,3.76,1.05,4.6100001,1.35,1.48,2.6199999,2.6700001,2.3299999,1.14,1.71,1.1
114,Other administrative services managers,1,3.23,4.5,4.1199999,1.9299999,4.9000001,1.6900001,1.79,2.8,3.0599999,2.1400001,1.51,1.8200001,1.14
121,"Insurance, real estate and financial brokerage managers",1,2.46,4.5,3.6900001,1.08,4.73,2.1500001,3.1500001,3.04,3.8099999,3.04,1.12,1.6900001,1.15
122,"Banking, credit and other investment managers",1,2.3299999,4.6999998,4.21,1.15,4.98,1.5700001,1.5,3.0999999,3.3099999,1.8200001,1,1,1
124,"Advertising, marketing and public relations managers",1,2.4400001,4.7474999,4.3225002,1.1900001,4.7325001,1.7325001,1.9175,2.78,3.3099999,2.5899999,1.1,1.2925,1.02
125,Other business services managers,1,2.8924999,4.605,3.9349999,1.4825,4.7249999,1.6825,1.9775,3.0650001,2.915,2.6174998,1.2975,1.9575,1.35
131,Telecommunication carriers managers,1,2.9400001,4.79,4.1300001,1.5599999,4.9499998,1.41,1.96,3.21,3.8499999,2.1300001,1.3099999,2.8499999,1.38
132,Postal and courier services managers,1,2.95,4.96,4.54,1.67,4.9200001,1.22,2.8399999,3.23,3.3900001,3,1.22,1.38,1.01
211,Engineering managers,2,1.98,4.21,3.6500001,1.13,4.8800001,1.76,1.97,2.7,1.52,2.73,1.12,3.0599999,1.1799999
212,Architecture and science managers,2,2.71,4.27,3.5525,1.5225,4.7224998,1.6925,2.1424999,2.7125001,2.5675001,2.375,1.2425001,2.5650001,1.3125
213,Computer and information systems managers,2,2.7600002,4.5749998,3.2950001,1.125,4.4899998,1.2149999,1.3099999,2.8400002,2.1900001,1.4200001,1.12,1.48,1.13
311,Managers in health care,3,3.375,4.605,3.4949999,2.3649998,4.8199997,1.085,1.0799999,2.8099999,2.845,1.38,1.02,1.37,1.0799999
411,Government managers - health and social policy development and program administration,4,1.88,4.3000002,3.3699999,1.1799999,4.8499999,1.11,1.15,2.7,1.5599999,1.5,1,1.5700001,1.1799999
412,"Government managers - economic analysis, policy development and program administration",4,1.88,4.3000002,3.3699999,1.1799999,4.8499999,1.11,1.15,2.7,1.5599999,1.5,1,1.5700001,1.1799999
413,Government managers - education policy development and program administration,4,3.72,4.7366667,3.9733334,2.0899999,4.8133335,1.54,2.24,3.21,3.5866666,2.0599999,1.0433333,1.4766667,1.0033333
414,Other managers in public administration,4,3.21,4.6399999,4.4400001,1.58,4.5999999,2.4000001,2.72,3.0799999,4.04,3.52,1.5599999,2.4000001,1.72
421,Administrators - post-secondary education and vocational training,4,2.78,4.5100002,3.6400001,1.85,4.77,1.27,1.64,2.53,2.6700001,2.0799999,1.13,1.11,1.01
422,School principals and administrators of elementary and secondary education,4,4.1900001,4.8499999,4.1400003,2.21,4.835,1.675,2.54,3.5500002,4.0450001,2.05,1,1.66,1
423,"Managers in social, community and correctional services",4,4.0100002,4.6700001,4.1100001,2.02,4.8800001,1.28,1.6799999,2.6600001,3.6400001,3.28,1,1,1
431,Commissioned police officers,4,4.0799999,4.8899999,4.8000002,3.27,4.8699999,2.79,4.5,4.0700002,4.5500002,4.8000002,2.1500001,3.55,2.9200001
432,Fire chiefs and senior firefighting officers,4,4.75,4.7800002,4.3400002,3.8199999,4.6799998,3.1600001,4.5500002,4.0500002,4.6900001,4.4400001,2.9000001,4.1300001,3.8800001
511,"Library, archive, museum and art gallery managers",5,2.9400001,4.79,4.1300001,1.5599999,4.9499998,1.41,1.96,3.21,3.8499999,2.1300001,1.3099999,2.8499999,1.38
512,"Managers - publishing, motion pictures, broadcasting and performing arts",5,2.9400001,4.79,4.1300001,1.5599999,4.9499998,1.41,1.96,3.21,3.8499999,2.1300001,1.3099999,2.8499999,1.38
513,"Recreation, sports and fitness program and service directors",5,2.79,4.5900002,4.3400002,1.6900001,4.9400001,1.09,1.2,4.02,4.1700001,1.17,1.04,1.04,1.02
601,Corporate sales managers,6,2.52,4.8299999,4.2600002,1.13,4.3200002,1.96,2.1700001,2.9100001,3.7,3.3199999,1.1799999,1.4299999,1.04
621,Retail and wholesale trade managers,6,2.52,4.8299999,4.2600002,1.13,4.3200002,1.96,2.1700001,2.9100001,3.7,3.3199999,1.1799999,1.4299999,1.04
631,Restaurant and food service managers,6,2.98,4.8800001,4.2399998,1.38,4.79,1.62,1.72,4.1100001,3.99,1.79,1.03,4.1799998,1.16
632,Accommodation service managers,6,3.72,4.8899999,4.4899998,1.14,4.8299999,1.0700001,1.45,2.97,4.1599998,1.9,1,1.09,1.01
651,"Managers in customer and personal services, n.e.c.",6,4.4099998,5,4.6199999,1.45,4.9699998,1.0700001,1.0700001,4.29,4.1900001,1.38,1,1.62,1.01
711,Construction managers,7,2.24,4.6799998,3.6400001,1.16,4.6399999,2.52,3.28,3,3,2.96,1.6799999,3.9200001,2
712,Home building and renovation managers,7,2.24,4.6799998,3.6400001,1.16,4.6399999,2.52,3.28,3,3,2.96,1.6799999,3.9200001,2
714,Facility operation and maintenance managers,7,2.5066667,4.5166669,3.5699999,1.1033334,4.7666669,1.92,2.4066668,3.02,2.4166667,2.7533333,2.1133332,3.2866666,1.8466667
731,Managers in transportation,7,2.6600001,4.6175003,3.8724999,1.4025,4.8375001,2.2825,3.2550001,3.075,2.9650002,3.5250001,2.2049999,3.3275001,1.7075
811,Managers in natural resources production and fishing,8,2.75,4.5500002,3.6800001,1.1799999,4.8299999,3,4.5900002,3.8299999,2.79,3.78,2.9200001,4.5999999,2.3900001
821,Managers in agriculture,8,2.54,3.3299999,2.8800001,2.0699999,3.1400001,3.6199999,4.25,2.3,2.3399999,3.1600001,2.55,2.9300001,1.03
822,Managers in horticulture,8,3.0899999,4.4299998,3.1199999,1.15,4.7199998,3.9300001,4.8200002,3.52,2.5,3.01,3.77,3.22,2.8
823,Managers in aquaculture,8,2.3499999,4.3050003,3.595,1.385,4.96,3.8650002,4.4700003,3.3499999,2.9850001,4.2249999,3.405,3.625,1.755
911,Manufacturing managers,9,2.5050001,4.8049998,3.9349999,1.41,4.9250002,2.25,3.0699999,3.0550001,1.8199999,2.21,1.6949999,4.5249996,1.54
912,Utilities managers,9,2.9300001,4.5149999,3.4200001,1.11,4.98,3.135,4.1549997,2.625,1.9300001,3.7,1.8299999,4.6049995,2.27
1111,Financial auditors and accountants,11,2.3340001,4.3740001,3.9400001,1.138,4.6360002,1.688,2.332,3.0799999,2.98,2.7379999,1.136,1.7639999,1.288
1112,Financial and investment analysts,11,1.8499999,4.415,3.0050001,1.12,4.7600002,1.0650001,1.11,2.8000002,1.62,1.3150001,1,1.0650001,1.0550001
1113,"Securities agents, investment dealers and brokers",11,2,4.5599999,4.2399998,1,4.46,1.09,1.09,2.73,3.9400001,1.84,1.01,1,1
1114,Other financial officers,11,2.48,4.46,3.6266665,1.1333333,4.6300001,1.34,1.4766667,2.8199999,2.75,2.0899999,1.11,1.35,1.1266667
1121,Human resources professionals,11,2.7175,4.5599999,3.2375,1.1275001,4.6399999,1.2524999,1.335,2.7325001,2.7249999,1.7925,1.05,1.1175001,1.02
1122,Professional occupations in business management consulting,11,2.48,4.27,2.77,1.08,4.3800001,1.58,1.58,2.6500001,2.27,2.0799999,1.1900001,1.58,1.23
1123,"Professional occupations in advertising, marketing and public relations",11,2.3766665,4.583333,3.8233333,1.0566666,4.5033331,1.4266666,1.7233334,2.6600001,3.2066667,2.22,1.1,1.0833333,1.0433333
1211,"Supervisors, general office and administrative support workers",12,3.1900001,4.6999998,4,1.37,4.9299998,1.09,1.21,2.8900001,3.05,1.3,1.01,1.4,1.04
1212,"Supervisors, finance and insurance office workers",12,3.1900001,4.6999998,4,1.37,4.9299998,1.09,1.21,2.8900001,3.05,1.3,1.01,1.4,1.04
1213,"Supervisors, library, correspondence and related information workers",12,3.1900001,4.6999998,4,1.37,4.9299998,1.09,1.21,2.8900001,3.05,1.3,1.01,1.4,1.04
1214,"Supervisors, mail and message distribution occupations",12,3.0700002,4.8299999,4.27,1.52,4.9250002,1.155,2.0250001,3.0599999,3.22,2.1500001,1.115,1.39,1.025
1215,"Supervisors, supply chain, tracking and scheduling co-ordination occupations",12,2.3999999,4.5866666,3.7633333,1.33,4.7400002,2.1533332,2.8199999,3.3666666,2.5566669,2.9766667,2.5166667,2.8700001,1.5533333
1221,Administrative officers,12,3.47,4.6999998,3.8599999,1.3200001,4.6500001,1.15,1.15,2.55,3.0999999,1.21,1,1.0700001,1
1222,Executive assistants,12,3.3200002,4.7849998,3.9200001,1.74,4.6500001,1.11,1.255,2.625,2.9849999,1.3150001,1.01,1.0550001,1
1223,Human resources and recruitment officers,12,3.54,4.77,3.71,1.2,4.9200001,1.42,1.46,2.6500001,3.02,2.4100001,1.02,1.15,1
1224,Property administrators,12,2.0999999,4.75,4.4400001,1.98,4.5900002,2.6099999,3.8499999,3.0699999,3.76,4.1100001,1.26,2.6900001,1.23
1225,Purchasing agents and officers,12,2.4433334,4.6566668,3.9433334,1.1566666,4.8400002,1.6966667,1.72,2.9400001,2.79,2.28,1.3466667,1.8933333,1.1166667
1226,Conference and event planners,12,3.1300001,4.9099998,4.6999998,1,4.9099998,1.9299999,2.3199999,3.8699999,4.3400002,2.99,1.11,2.3800001,1.11
1227,Court officers and justices of the peace,12,2.48,4.5999999,4.46,2.46,4.7399998,1,1.03,3.3199999,3.9400001,1.73,1,1,1
1228,"Employment insurance, immigration, border services and revenue officers",12,2.55,4.79,4.6500001,1.1900001,4.5300002,1.25,1.5599999,3.26,4.5900002,2.1800001,1.27,1.12,1
1241,Administrative assistants,12,3.04,4.7150002,4.0749998,1.72,4.6400003,1.105,1.155,3.0599999,3.0250001,1.235,1.03,1.1800001,1.03
1242,Legal administrative assistants,12,2.49,4.5900002,4.23,1,4.7800002,1.01,1.01,2.6199999,2.47,1.6,1,1,1
1243,Medical administrative assistants,12,3.6099999,4.9899998,4.0100002,3.1099999,4.6399999,1.04,1.04,3.8299999,3.49,1.1,1.01,1.83,1.38
1251,"Court reporters, medical transcriptionists and related occupations",12,2.55,3.6300001,2.3299999,1.83,3.9000001,1,1,2.6900001,1.24,1,1,1,1
1252,Health information management occupations,12,2.7750001,4.21,3.5050001,1.855,4.105,1.02,1.03,2.9400001,2.3199999,1.2,1,1.1949999,1
1253,Records management technicians,12,2.8366666,4.1566668,3.5700002,1.7866666,4.3299999,1.1033334,1.1866666,3.1133332,2.7033334,1.2566667,1.0933334,1.2333333,1.0700001
1254,Statistical officers and related research support occupations,12,1.89,3.6700001,2.6600001,1,4.2800002,1.12,1.22,2.8699999,2.6900001,1.41,1,1.1900001,1.0700001
1311,Accounting technicians and bookkeepers,13,2.1600001,4.48,3.6099999,1.17,4.5500002,1.11,1.4,2.77,3.0799999,1.53,1,1.11,1
1312,Insurance adjusters and claims examiners,13,2.9933333,4.7966666,4.5333333,1.2266667,4.2966666,1.6799999,2.6500001,2.8600001,3.78,2.9199998,1.23,1.4966667,1.1066667
1313,Insurance underwriters,13,1.77,4.5,3.5699999,1.03,4.3800001,1.13,1.2,3.0699999,2.3299999,1.53,1,1.0700001,1.03
1314,"Assessors, valuators and appraisers",13,2.2466667,4.23,3.5533333,1.05,4.1900001,1.4466666,2.98,2.8666666,2.8600001,3.1100001,1.14,1.4466667,1.0633333
1315,"Customs, ship and other brokers",13,2.21,4.6999998,3.8499999,1.05,4.7199998,1.35,1.4,3.1500001,2.6700001,1.95,1.3,1.25,1
1411,General office support workers,14,2.6675,4.5825,4.1824999,1.5599999,4.4075003,1.2375,1.4,3.2175,3.03,1.2825,1.125,1.48,1.115
1414,Receptionists,14,3.4866667,4.9333334,4.7166667,1.9666667,4.0166664,1.0466667,1.0833334,3.4366667,3.6833334,1.1766666,1.0066667,1.08,1.0866667
1415,Personnel clerks,14,3.29,4.9099998,3.99,1.54,4.5300002,1.02,1.0599999,3.1300001,2.9300001,1.33,1,1.12,1
1416,Court clerks,14,2.4000001,4.8200002,4.3699999,1.53,4.6900001,1.01,1.15,3.49,3.8399999,1.4299999,1,1.02,1
1422,Data entry clerks,14,2.22,4.5050001,2.5799999,1.36,4.4400001,1.4449999,1.79,2.96,2.5300002,1.28,1.12,1.63,1.155
1423,Desktop publishing operators and related occupations,14,2.4400001,4.25,3.8499999,1.08,4.52,1.02,1.03,2.8,2.96,1.1,1,1.0599999,1
1431,Accounting and related clerks,14,2.53,4.5549998,3.5650001,1.37,4.4425001,1.0699999,1.2725,3.1724999,3.74,1.3375,1,1.0475,1
1432,Payroll administrators,14,2.55,4.29,3.0799999,1.28,4.5799999,1.1900001,1.21,2.48,1.9400001,1.04,1,1.37,1
1434,"Banking, insurance and other financial clerks",14,2.4749999,4.7266665,4.3133335,1.1216667,4.4233332,1.0566666,1.0799999,3.23,3.1116667,1.3733333,1,1.0066667,1
1435,Collectors,14,2.3199999,4.9000001,3.97,1.3099999,3.8,1,1.17,2.79,2.5,1.5,1,1,1
1451,Library assistants and clerks,14,3.3099999,4.54,3.8399999,2.3499999,4.8200002,1.3,1.45,3.9000001,3.8599999,1.1,1.01,1.4299999,1.1
1452,"Correspondence, publication and regulatory clerks",14,2.3375001,4.7624998,3.9274998,1.2275,4.6999998,1.1375,1.2474999,3.1025,3.1324999,1.3875,1.0375,1.265,1
1454,Survey interviewers and statistical clerks,14,2.155,4.1275001,3.6524999,1.5675,4.1125002,1.265,2.8875,3.0325,3.1424999,2.8249998,1.4075,2.5025001,1.23
1511,"Mail, postal and related workers",15,2.7433333,4.3466668,3.1599998,1.3033334,4.1566668,1.34,1.4433333,3.8933334,2.5733333,1.3866667,1.1566666,2.3866665,1.0533333
1512,Letter carriers,15,1.89,3.78,4.0500002,1.33,4.2399998,2.3099999,4.9099998,3.29,3.46,4.77,2.1500001,2.0599999,1
1513,"Couriers, messengers and door-to-door distributors",15,2.5899999,4.6900001,3.3699999,3.9200001,4.7199998,1.63,3.6500001,2.8099999,2.7,4.0700002,2.21,3.47,1
1521,Shippers and receivers,15,2.625,4.5999999,3.5799999,1.14,4.79,1.4349999,1.9300001,2.9549999,2.3199999,1.6800001,1.6500001,3.8,1.465
1522,Storekeepers and partspersons,15,2.7639999,4.572,3.7220001,1.312,4.7059999,1.6,2.0680001,3.704,3.25,1.732,1.928,2.608,1.274
1523,Production logistics co-ordinators,15,2.7449999,4.5699997,3.105,1.075,4.665,1.6099999,1.6700001,3.21,2.135,1.7,1.75,4.0450001,1.335
1524,Purchasing and inventory control workers,15,2.48,4.8699999,4.3400002,1.41,4.5799999,1.21,1.28,3.03,2.0599999,1.3099999,1.09,1.59,1.01
1525,Dispatchers,15,3.1599998,4.915,4.7200003,1.3900001,4.4650002,1.38,1.48,3.3600001,3.9200001,1.505,1.23,1.51,1.035
1526,Transportation route crew schedulers,15,2.55,4.29,3.0799999,1.28,4.5799999,1.1900001,1.21,2.48,1.9400001,1.04,1,1.37,1
2111,Physicists and astronomers,21,1.8775001,3.7350001,2.45,1.2925,4.5149999,1.4425,1.5525,2.5799999,2.075,1.46,1.1224999,2.2175,1.385
2112,Chemists,21,2.0799999,4.0566664,2.73,1.7066667,4.7066665,1.49,1.8133333,2.8299999,2.1300001,1.8666667,1.0466666,3.7633333,1.72
2113,Geoscientists and oceanographers,21,1.98,3.79,2.77,1.24,4.585,2.4400001,3.1900001,2.5749998,2.4300001,3,1.74,2.5250001,1.8050001
2114,Meteorologists and climatologists,21,1.95,3.75,3,1.05,4.5500002,2,2.2,2.8499999,3.3,1.79,1.21,1.4,1.21
2115,Other professional occupations in physical sciences,21,1.96,3.8499999,2.48,1.08,4.5799999,1.46,1.46,2.8499999,1.72,1.38,1.08,4.0999999,2.04
2121,Biologists and related scientists,21,2.2766666,3.9866667,2.9588888,2.1677778,4.6988888,2,2.3311112,2.8733332,2.5533333,2.4022222,1.6366667,3.1344445,1.6644444
2122,Forestry professionals,21,2.8299999,4.1199999,4.2249999,1.39,4.75,2.835,4.3699999,3.26,3.885,3.7649999,1.77,3.1799998,1.405
2123,"Agricultural representatives, consultants and specialists",21,2.4224999,4.3325,4.1424999,1.405,4.6975002,2.4650002,3.5875001,2.7850001,3.9075,3.8299999,2.0374999,2.6224999,1.485
2131,Civil engineers,21,2.2825,4.2674999,3.605,1.4499999,4.7449999,2.4724998,3.115,2.8025,3.075,3.1900001,1.5675,2.9275,1.9225
2132,Mechanical engineers,21,2.0725,4.1950002,3.0675001,1.1775,4.7449999,1.99,2.1300001,3.0050001,1.92,2.2375,1.3824999,3.6199999,1.79
2133,Electrical and electronics engineers,21,2.2049999,4.0900002,3.5,1.0599999,4.6999998,1.425,1.575,2.99,1.495,1.5350001,1.105,2.8099999,1.2650001
2134,Chemical engineers,21,2.2249999,4.0549998,2.895,1.585,4.75,2.5349998,2.4349999,2.885,2.105,2.4300001,1.53,4.0549998,2.4450002
2141,Industrial and manufacturing engineers,21,2.3449998,4.3000002,2.6949999,1.145,4.8800001,1.6600001,1.75,3.22,1.505,1.84,1.175,4.0999999,1.575
2142,Metallurgical and materials engineers,21,1.87,3.8499999,2.8699999,1.08,4.5900002,1.79,1.77,2.79,1.9,1.59,1.05,4.1500001,2.0999999
2143,Mining engineers,21,2.0699999,3.95,2.6300001,1.26,4.79,2.1300001,2.8699999,2.9100001,2.02,3.26,1.71,3.5,1.7
2144,Geological engineers,21,2.0699999,3.95,2.6300001,1.26,4.79,2.1300001,2.8699999,2.9100001,2.02,3.26,1.71,3.5,1.7
2145,Petroleum engineers,21,1.72,4.48,2.76,1.03,4.6500001,1.8099999,2.3399999,2.2,1.62,2.6300001,1.17,2.1900001,1.1799999
2146,Aerospace engineers,21,1.8099999,4.2399998,3.4300001,1,4.9200001,1.76,1.5599999,2.99,1.1,1.8200001,1.01,3.3599999,1.1799999
2147,Computer engineers (except software engineers and designers),21,2.02,3.904,2.9000001,1.018,4.5820003,1.344,1.398,2.6499999,1.77,1.416,1.14,1.808,1.27
2148,"Other professional engineers, n.e.c.",21,2.2608333,4.0983334,3.2450001,1.3008333,4.5875001,2.2974999,2.4625001,3.0216665,2.0274999,2.5325,1.6591667,3.1333334,1.86
2151,Architects,21,2.3,4.3699999,3.4400001,1.0700001,4.6700001,2.4400001,2.6300001,3.1099999,3.3699999,2.54,1.0700001,2.1099999,1.15
2152,Landscape architects,21,2.3199999,4.29,3.8199999,1,4.5700002,1.71,3.04,2.8599999,3.96,3.0699999,1.11,2.04,1.0700001
2153,Urban and land use planners,21,2.1100001,4.2799997,4.2750001,1.115,4.77,1.7850001,2.4050002,2.9050002,4.2049999,2.8400002,1.1949999,1.8199999,1.115
2154,Land surveyors,21,2.02,4.0900002,3.4400001,1.2850001,4.5550003,2.0550001,4.1900001,2.7649999,3.4849999,3.72,1.925,3.395,1.745
2161,"Mathematicians, statisticians and actuaries",21,1.8271428,3.7842858,2.6571429,1.2142857,4.4442859,1.1371429,1.1728572,2.5442858,1.7171428,1.3185714,1.0257143,1.1042857,1.0428572
2171,Information systems analysts and consultants,21,2.0142858,4.0757141,2.9214284,1.3457142,4.5528569,1.2457143,1.4271429,2.9114287,1.9914286,1.6542857,1.0685714,1.3557143,1.0814285
2172,Database analysts and data administrator,21,2.3099999,4.4200001,2.75,1.17,4.3099999,1.3099999,1.3099999,3.0599999,2.1500001,1.6799999,1.12,1.13,1
2173,Software engineers and designers,21,2.1366668,4.23,2.8133333,1.0599999,4.6733332,1.1133333,1.1366667,2.6733334,1.7466667,1.1799999,1.0933334,1.29,1.0133333
2174,Computer programmers and interactive media developers,21,2.0425,4.1025,2.3400002,1,4.6875,1.095,1.095,2.845,1.3975,1.235,1.035,1.13,1.0074999
2175,Web designers and developers,21,1.8599999,3.74,2.605,1.02,4.3899999,1.1400001,1.145,2.7,1.995,1.245,1.105,1.12,1.045
2211,Chemical technologists and technicians,22,2.97,4.0900002,2.3499999,1.3200001,4.7199998,1.54,1.58,3.3299999,1.4400001,1.48,1.67,4.9299998,1.96
2212,Geological and mineral technologists and technicians,22,1.925,3.595,2.7249999,1.075,4.4949999,1.9549999,2.5,2.7550001,1.95,2.5549998,1.795,3.2799997,2.02
2221,Biological technologists and technicians,22,2.3740001,4.1220002,3.122,2.26,4.7259998,2.2319999,2.6900001,3.2539999,3.05,2.8080001,1.7180001,4.1659999,2.0120001
2222,Agricultural and fish products inspectors,22,2.53,4.6100001,4.29,1.72,4.3400002,3.3399999,3.9200001,3.7,3.28,2.6700001,1.12,3.6800001,1.77
2223,Forestry technologists and technicians,22,3.05,4.4099998,3.8299999,1.6,4.98,3.27,4.4099998,3.7,3.5,4.1700001,2.71,3.98,2.24
2224,Conservation and fishery officers,22,2.865,4.7250004,4.6400003,1.95,4.6899996,2.76,4.375,3.3650002,4.3850002,4.54,2.2750001,3.03,1.745
2225,Landscape and horticulture technicians and specialists,22,3.0799999,3.97,4.2399998,1.51,4.5999999,2.1400001,4.75,3.8699999,3.6199999,3.9300001,3.3499999,4.4499998,2.23
2231,Civil engineering technologists and technicians,22,2.0066667,4.4533334,3.9100001,1.5133333,4.8566666,1.99,3.3499999,2.99,3.2933333,3.5233333,1.4166667,2.72,1.4299999
2232,Mechanical engineering technologists and technicians,22,2.3180001,4.3340001,3.1259999,1.194,4.8179998,2.0739999,2.3199999,3.3340001,1.586,2.066,1.5420001,4.4979997,2.392
2233,Industrial engineering and manufacturing technologists and technicians,22,2.296,4.2460003,2.9119999,1.176,4.7859998,1.6,1.74,3.0239999,1.5779999,1.684,1.418,3.96,1.654
2234,Construction estimators,22,1.8099999,4.23,3.45,1.09,4.5900002,1.62,2.0899999,2.77,2,1.77,1.3200001,2.23,1.5
2241,Electrical and electronics engineering technologists and technicians,22,2.5050001,4.1575003,3.0362501,1.355,4.6999998,2.1187501,2.25125,3.2837501,1.91875,2.2774999,1.6275001,3.8062501,2.0074999
2242,Electronic service technicians (household and business equipment),22,2.22,4.3150001,3.8074999,1.3625,4.3600001,2.0374999,2.9400001,3.28,3.0225,3.605,1.345,2.9650002,1.7674999
2243,Industrial instrument technicians and mechanics,22,2.1600001,4.3299999,1.74,1.5700001,5,3.3199999,3.9200001,3.8900001,1.72,3.1199999,1.7,4.7800002,3.5699999
2244,"Aircraft instrument, electrical and avionics mechanics, technicians and inspectors",22,2.5599999,4.23,2.7049999,1.135,4.4400001,1.91,2.1500001,3.605,1.84,1.6849999,1.9349999,4.4099998,2.0999999
2251,Architectural technologists and technicians,22,2.21,3.77,3.6500001,1.24,4.9499998,2.02,2.5799999,2.8599999,2.45,2.48,1.24,2.04,1.37
2252,Industrial designers,22,1.78,4.3800001,4.0100002,1.01,4.9899998,1.27,1.46,2.9400001,1.51,2.03,1.2,3.3900001,1.28
2253,Drafting technologists and technicians,22,2.102,3.9919999,3.082,1.076,4.796,1.47,1.8660001,2.928,1.778,1.834,1.108,2.244,1.152
2254,Land survey technologists and technicians,22,2.22,4.04,3.04,1.42,4.8299999,2.1700001,4.6700001,3,2.5,3.6199999,1.75,4.21,1.65
2255,Technical occupations in geomatics and meteorology,22,1.924,4.0120001,3.21,1.036,4.4200001,1.712,2.3400002,2.97,2.3180001,2.4860001,1.61,1.582,1.192
2261,Non-destructive testers and inspection technicians,22,2.3499999,4.29,2.9250002,1.15,4.5500002,2.4749999,2.585,3.49,1.745,2.21,1.39,4.8249998,2.27
2262,Engineering inspectors and regulatory officers,22,2.3166666,4.4833331,3.03,1.2966666,4.3933334,2.0866666,2.7866666,3.4666667,1.7766666,2.28,1.6433333,4.5133333,1.7933334
2263,Inspectors in public and environmental health and occupational health and safety,22,2.575,4.1300001,3.3150001,1.9100001,4.7150002,2.905,3.2650001,3.2449999,2.4749999,3.145,1.5350001,3.98,2.3050001
2264,Construction inspectors,22,2.355,4.23,3.2449999,1.29,4.5650001,2.8299999,3.165,3.5599999,2.5799999,2.875,1.39,4.48,1.89
2271,"Air pilots, flight engineers and flying instructors",22,2.7150002,4.8199997,4.1599998,2.0599999,4.5599999,2.395,4.1300001,4.27,3.4349999,4.4200001,2.28,3.8850002,2.845
2272,Air traffic controllers and related occupations,22,2.21,4.71,4.25,1.28,4.1199999,1.14,1.13,4.2800002,3.6300001,1.2,1.13,1.13,1.13
2273,"Deck officers, water transport",22,2.8333335,4.52,3.26,1.73,4.7233334,3.1633334,4.2966666,3.8466666,2.46,4.3433332,2.9866667,4.4000001,2.0666666
2274,"Engineer officers, water transport",22,2.55,4.6500001,2.1199999,1.64,4.6300001,2.03,4.4899998,3.8599999,1.64,2.9000001,2.4100001,4.9400001,2.3900001
2275,Railway traffic controllers and marine traffic regulators,22,2.76,4.8800001,4.5300002,1.34,4.54,1.67,1.84,3.3199999,3.21,1.9,1.46,1.5700001,1.05
2281,Computer network technicians,22,2.77,4.46,1.8,1.1,4.5100002,1.12,1.4299999,3.1500001,1.47,2.1500001,1.03,1.36,1.02
2282,User support technicians,22,2.5,4.8600001,3.3399999,1.3,4.8000002,1.12,2.51,3.55,2.1099999,1.23,1.02,1.0700001,1.01
2283,Information systems testing technicians,22,1.96,4.1500001,1.8099999,1,4.7399998,1.0700001,1.15,2.8900001,1.37,1.15,1.0700001,1.0700001,1
3011,Nursing co-ordinators and supervisors,30,4.7400002,4.6700001,4.1999998,4.8633332,4.9200001,1.09,1.08,4.5866666,3.9266665,1.2433333,1,4.1499996,2.5799999
3012,Registered nurses and registered psychiatric nurses,30,4.875,4.7550001,4.0250001,4.4949999,4.8499999,1.13,1.53,4.415,4.0599999,1.8099999,1.0450001,3.3499999,1.7149999
3111,Specialist physicians,31,4.4505,4.6285,3.9974999,4.2160001,4.8460002,1.193,1.2805001,4.191,3.612,1.4295,1.049,3.382,2.1059999
3112,General practitioners and family physicians,31,4.4400001,4.8400002,4.6199999,5,4.8000002,1.02,1.09,4.6199999,3.6700001,1.1,1,2.4100001,1.29
3113,Dentists,31,4.6599998,4.8000002,4.5300002,4.5950003,4.9674997,1.0125,1.0175,4.8775001,4.46,1.0325,1.0175,4.8975,2.1599998
3114,Veterinarians,31,4.1700001,4.7199998,4.73,4.5599999,4.75,2.0799999,2.24,4.6199999,4.5100002,2.03,1.73,3.4100001,3.0599999
3121,Optometrists,31,4.5,4.6500001,4.6100001,4,4.9099998,1.04,1,4.6100001,4.27,1,1,2.1300001,1.17
3122,Chiropractors,31,4.6999998,5,3.5999999,3.1300001,4.98,1.0700001,1.09,4.8400002,4.0700002,1.28,1,1.09,1.0700001
3124,Allied primary health practitioners,31,4.8899999,4.6725001,3.9375,4.4450002,4.875,1.0799999,1.0425,4.6300001,4.2925,1.54,1,4.3024998,2.3125
3125,Other professional occupations in health diagnosing and treating,31,4.7249999,4.9749999,4.2550001,4.3099999,4.895,1,1.05,4.585,3.885,1.0799999,1,2.71,1.3200001
3131,Pharmacists,31,4.1700001,4.8899999,4.4499998,4.0300002,4.9400001,1.04,1.05,3.8900001,4.1799998,1.1799999,1.01,1.75,1.0599999
3132,Dietitians and nutritionists,31,4.3200002,4.48,4.3499999,4.1700001,4.9099998,1.35,1.39,3.77,4.3600001,1.96,1,2.8199999,1.33
3141,Audiologists and speech-language pathologists,31,4.1700001,4.7550001,3.96,3.3899999,4.8400002,1.04,1.0550001,3.9200001,3.8,1.46,1.0350001,2.2950001,1.4200001
3142,Physiotherapists,31,4.6900001,4.98,4.6199999,3.6800001,5,1.25,1.37,4.9899998,4.1900001,1.42,1,2.6099999,1.24
3143,Occupational therapists,31,4.7600002,4.8099999,4.29,4.6700001,4.9499998,1.4299999,1.67,4.8099999,4.0999999,2.24,1.14,3.24,1.33
3144,Other professional occupations in therapy and assessment,31,4.3833332,4.6866665,3.5166667,3.4133334,4.9133334,2.3066666,3.4866667,4.5066667,2.8833334,2.9266667,1.3933333,2.1300001,1.21
3211,Medical laboratory technologists,32,2.9333334,4.125,3.0966668,4.3483334,4.6916666,1.0233333,1.015,3.5900002,2.2750001,1.015,1,4.4899998,1.9683334
3212,Medical laboratory technicians and pathologists' assistants,32,4.5700002,4.8200002,4.27,4.5,4.8200002,1.14,1.27,4.0500002,4.0900002,1.45,1,4.8200002,3.23
3213,Animal health technologists and veterinary technicians,32,4.1749997,4.9250002,4.4449997,4.0650001,4.6399999,1.4200001,2.3049998,4.5900002,3.99,1.38,1.05,3.6849999,3.405
3214,"Respiratory therapists, clinical perfusionists and cardiopulmonary technologists",32,4.6350002,4.9200001,4.1149998,4.9000001,4.8850002,1.005,1.025,4.8299999,3.9650002,1.145,1,4.0349998,2.9549999
3215,Medical radiation technologists,32,4.6540003,4.7999997,4.1919999,4.632,4.7059999,1.09,1.09,4.5580001,4.3039999,1.198,1.082,3.6140001,3.3080001
3216,Medical sonographers,32,4.2800002,4.8499999,4.23,4.46,4.3099999,1,1.05,4.8099999,3.9300001,1.14,1,3.99,1.85
3217,"Cardiology technologists and electrophysiological diagnostic technologists, n.e.c.",32,4.5700002,4.9400001,4.23,3.95,4.7399998,1,1,4.8800001,3.76,1.08,1,4.1999998,2.78
3219,Other medical technologists and technicians (except dental health),32,4.1259999,4.6220002,4.1259999,3.72,4.6760001,1.132,1.204,4.204,3.7119999,1.694,1.112,3.908,1.898
3221,Denturists,32,2.1300001,3.6199999,2.6800001,3.8599999,4.5599999,1.01,1.1900001,3.0999999,1.79,1.61,1,4.71,1.63
3222,Dental hygienists and dental therapists,32,4.5599999,5,3.9000001,5,4.8699999,1.0599999,1.12,4.9899998,4.02,1,1,5,1.5599999
3223,"Dental technologists, technicians and laboratory assistants",32,2.1300001,3.6199999,2.6800001,3.8599999,4.5599999,1.01,1.1900001,3.0999999,1.79,1.61,1,4.71,1.63
3231,Opticians,32,3.3699999,4.8099999,4.7399998,2.5899999,4.8499999,1.04,1,4.3299999,4.6999998,1.11,1,1.78,1
3232,Practitioners of natural healing,32,4.3200002,4.8000002,3.7,4.3800001,4.4200001,1.1900001,1.12,4.6300001,3.9400001,1.1900001,1,2.23,1
3233,Licensed practical nurses,32,4.8600001,4.8800001,3.8299999,4.7399998,4.9099998,1.08,1.08,4.5999999,3.8099999,1.11,1.0599999,3.7,1.35
3234,Paramedical occupations,32,4.5599999,4.625,4.4300003,4.23,4.5100002,3.49,4.5250001,4.7350001,4.3649998,4.335,1.595,4.4400001,2.3199999
3236,Massage therapists,32,4.0700002,4.4099998,3.9300001,2.4000001,4.3299999,1.45,1.23,4.5500002,4.3299999,1.03,1,1.3099999,1.03
3237,Other technical occupations in therapy and assessment,32,4.2071428,4.7042856,3.7857144,3.7171428,4.702857,1.2057142,1.38,4.3214288,3.6742857,1.6857142,1.0771428,2.6714287,1.3
3411,Dental assistants,34,4.7600002,4.8899999,4.25,4.8400002,4.6599998,1,1.1900001,4.9400001,3.7,1,1,5,2.5
3413,"Nurse aides, orderlies and patient service associates",34,4.73,4.5625,3.6025,4.2249999,4.5725002,1.235,1.6849999,4.3575001,3.1875,1.915,1.03,2.8175001,1.505
3414,Other assisting occupations in support of health services,34,4.5357141,4.6728573,4.0900002,4.5371428,4.6671429,1.13,1.1185714,4.5314288,3.6128571,1.2385714,1.0071429,3.8828571,2.6285715
4011,University professors and lecturers,40,2.890625,4.3537502,3.1643751,1.5534375,4.5531249,1.230625,1.408125,2.9081249,2.9859376,1.4825,1.0625,1.4875,1.120625
4012,Post-secondary teaching and research assistants,40,3.3,4.5900002,2.73,1.24,4.6199999,1.0599999,1.1,3.45,2.3900001,1.1799999,1,1.86,1.1900001
4021,College and other vocational instructors,40,3.1866667,4.7200003,3.6733334,1.59,4.4733334,1.4033333,1.5533333,3.4133334,3.3599999,1.4166666,1.1566666,2.0833333,1.17
4031,Secondary school teachers,40,3.5728571,4.71,3.6557143,2.3114285,4.7271428,1.4914286,1.79,4.0171428,3.28,1.5257143,1.1257143,1.77,1.0757142
4032,Elementary school and kindergarten teachers,40,4.02,4.75,3.74,3.2066667,4.5599999,1.6733333,2.5599999,4.2133336,3.1033332,1.2633333,1.0733333,1.1666666,1.0133333
4033,Educational counsellors,40,3.605,4.5299997,3.105,2.29,4.5549998,1.9549999,2.345,4.3150001,3.1849999,1.95,1.035,1.495,1.3399999
4111,Judges,41,2.5933332,4.5166664,4.0533333,1.98,4.7199998,1.0233333,1.1066667,3.3166666,3.9533334,1.37,1,1.0366666,1
4112,Lawyers and Quebec notaries,41,2.2349999,4.1399999,3.2049999,1.325,4.7950001,1.14,1.1800001,2.3399999,2.73,1.5849999,1,1.045,1.03
4151,Psychologists,41,4.04,4.4380002,3.7839999,2.2979999,4.8779998,1.196,1.3019999,3.204,2.878,1.4760001,1.018,1.17,1.066
4152,Social workers,41,4.5500002,4.8149996,4.395,3.4850001,4.9749999,1.77,2.4749999,3.635,4.3699999,2.78,1.04,1.66,1.29
4153,"Family, marriage and other related counsellors",41,4.4025002,4.605,3.915,2.5699999,4.7825003,1.3575001,1.5625,3.3299999,3.5574999,1.6725,1.0175,1.255,1.04
4154,Professional occupations in religion,41,4.2849998,4.7849998,4.3249998,2.0599999,4.7700005,1.5550001,1.825,3.0550001,3.835,2.8,1.075,1.0550001,1.01
4155,Probation and parole officers and related occupations,41,2.99,4.8899999,3.96,3.0799999,4.8299999,1.5599999,2.53,3.29,3.8699999,2.8099999,1.08,2.01,1.28
4156,Employment counsellors,41,4.04,4.855,3.6800001,1.8100001,4.9549999,1.4300001,1.72,3.1100001,3.4449999,1.985,1.01,1.085,1
4161,"Natural and applied science policy researchers, consultants and program officers",41,3.0450001,4.5649996,3.79,1.365,4.6800003,2.075,2.4400001,3.155,2.8000002,3.05,1.385,2.635,1.905
4162,Economists and economic policy researchers and analysts,41,1.49,3.3899999,2.385,1.11,4.415,1.235,1.245,2.22,2.2350001,1.36,1.0550001,1.02,1
4163,Business development officers and marketing researchers and consultants,41,1.65,4.2199998,3.5699999,1,4.2199998,1.13,1.4299999,2.4300001,2.74,1.5700001,1,1.04,1
4164,"Social policy researchers, consultants and program officers",41,1.67,4.0799999,3.1700001,1,4.5700002,1,1.29,2.5799999,2.25,1.38,1,1,1
4165,"Health policy researchers, consultants and program officers",41,4.3125,4.6975002,3.97,3.0174999,4.7399998,1.8475,2.1925001,3.5450001,4.2674999,2.52,1.2075,2.2249999,1.3975
4166,"Education policy researchers, consultants and program officers",41,4.54,4.9400001,3.6500001,2.4200001,4.9899998,1.4400001,1.98,3.5699999,3.8699999,1.5599999,1,1.02,1
4167,"Recreation, sports and fitness policy researchers, consultants and program officers",41,3.5999999,4.3600001,3.28,1.88,4.48,1.52,1.8,4.3200002,3.8399999,1,1,1.12,1
4168,Program officers unique to government,41,1.88,4.3000002,3.3699999,1.1799999,4.8499999,1.11,1.15,2.7,1.5599999,1.5,1,1.5700001,1.1799999
4169,"Other professional occupations in social science, n.e.c.",41,2.135,4.0250001,3.1266665,1.355,4.5416665,1.8583333,2.0183334,2.9449999,3.0716667,1.8533334,1.3466667,1.4166666,1.1083333
4211,Paralegal and related occupations,42,1.8966666,4.0666666,3.8166666,1.1933333,4.6666665,1.0033333,1.1900001,3,2.8166666,1.3266667,1,1,1
4212,Social and community service workers,42,3.5349998,4.8649998,4.3649998,2.7449999,4.665,1.46,1.95,3.6949999,4.1350002,2.595,1.1,1.3399999,1.0350001
4214,Early childhood educators and assistants,42,3.51,4.6500001,3.03,2.4300001,4.6500001,1.71,2.9200001,4.52,2.3099999,1.04,1.01,1.55,1
4215,Instructors of persons with disabilities,42,4.02,4.915,3.8600001,2.7350001,4.8299999,1.49,1.6700001,4.0799999,3.5,1.4,1.01,1.36,1.03
4216,Other instructors,42,3.29,4.8299999,3.5999999,1.62,4.9499998,1.33,1.8099999,3.1800001,3.22,1.91,1,1.24,1
4217,Other religious occupations,42,4.2849998,4.7849998,4.3249998,2.0599999,4.7700005,1.5550001,1.825,3.0550001,3.835,2.8,1.075,1.0550001,1.01
4311,Police officers (except commissioned),43,3.3733335,4.7322221,4.6144443,2.9622223,4.7144446,2.75,4.0599999,3.8744445,4.0900002,4.3444443,1.6377778,3.1855555,2.3433332
4312,Firefighters,43,4.164,4.724,4.4579997,3.1440001,4.7880001,3.04,4.4419999,3.9660001,4.4959998,4.408,2.424,4.2119999,3.174
4411,Home child care providers,44,4.4650002,4.335,2.6500001,2.585,4.625,2.625,2.9400001,3.9850001,2.29,2.77,1,2.03,1
4412,"Home support workers, housekeepers and related occupations",44,4.7600002,4.3699999,3.3299999,3.52,4.21,1.11,1.27,4.3600001,3.0999999,2.1400001,1,4.1999998,1.3200001
4413,Elementary and secondary school teacher assistants,44,3.51,4.6500001,3.03,2.4300001,4.6500001,1.71,2.9200001,4.52,2.3099999,1.04,1.01,1.55,1
4421,Sheriffs and bailiffs,44,3.4450002,4.77,4.8800001,3.345,4.7250004,2.02,3.0700002,4.1900001,4.3100004,3.2249999,1.55,3.2150002,2.28
4422,Correctional service officers,44,3.855,4.7449999,4.0650001,4.1300001,4.3649998,1.87,2.9499998,4.0349998,3.2849998,2.8449998,1.23,3.1399999,1.6949999
4423,"By-law enforcement and other regulatory officers, n.e.c.",44,2.9925001,4.4025002,4.1224999,2.4175,4.3625002,2.125,3.5725,3.155,3.615,3.5425,1.3425,2.1600001,1.3625
5111,Librarians,51,2.8199999,4.27,3.97,2.1500001,4.5599999,1.42,1.36,3.0799999,3.8399999,1.1900001,1,1.17,1
5112,Conservators and curators,51,2.4100001,4.3099999,4.0900002,1.1900001,4.5599999,1.58,2.03,2.75,3.78,2.23,1.47,1.8099999,1.22
5113,Archivists,51,2.1300001,3.9400001,4.1300001,1.0700001,4.6900001,1.37,1.24,2.76,3.9400001,2.1300001,1.1,1.67,1.5700001
5121,Authors and writers,51,1.7966666,3.9133334,3.2233334,1.0966667,3.9466665,1.4766667,1.6333333,2.3966668,2.4000001,2.0699999,1.0966667,1.0266666,1.0133333
5122,Editors,51,1.88,4.5500002,3.71,1,4.8099999,1.3,1.63,3.1400001,2.8900001,1.88,1,1,1
5123,Journalists,51,1.77,4.6799998,3.6800001,1.36,4.6399999,2.5,3,3.1800001,3.5,3.73,1.45,1.41,1.23
5125,"Translators, terminologists and intepreter",51,3.3399999,4.8600001,3.02,3.25,4.1999998,1.42,1.46,3.6400001,4.2399998,1.48,1.01,1.54,1.66
5131,"Producers, directors, choreographers and related occupations",51,2.3724999,4.6537499,3.68625,1.1375,4.73,1.7637501,1.9875,3.51,3.6075001,2.1587501,1.0475,1.19875,1.075
5132,"Conductors, composers and arrangers",51,1.88,2.98,2.5899999,1,3.6400001,1.21,1.1799999,2.26,3.03,1.63,1,1,1
5133,Musicians and singers,51,2.7199998,4.4549999,3.125,1.73,3.78,1.74,1.4649999,4.52,4.3099999,1.54,1,1.53,1
5134,Dancers,51,2.4200001,4.7600002,3.03,1.85,4.6599998,1.74,1.72,4.9099998,3.95,1.3099999,1.1900001,1.74,1.3099999
5135,Actors and comedians,51,2.3900001,4.71,3.6500001,1.1799999,4.3899999,1.64,1.76,4.8000002,4.1599998,2.02,1.4400001,1.3200001,1.15
5136,"Painters, sculptors and other visual artists",51,2.4466667,3.5033333,3.0166667,1,4.2533331,1.3666667,1.6033334,2.4366665,2.4433334,1.6800001,1.0566666,2.7733333,1.4399999
5211,Library and public archive technicians,52,2.7150002,4.25,3.4850001,1.415,4.6900001,1.3299999,1.5550001,3.415,2.9000001,1.79,1.3199999,1.4749999,1.1500001
5212,Technical occupations related to museums and art galleries,52,1.9400001,3.76,3.49,1.01,4.52,1.77,1.92,3.1900001,2.9300001,1.89,1.25,3.0699999,1.54
5221,Photographers,52,2.1500001,4.1199999,3.8800001,1.16,4.1199999,2.72,3.24,3.72,3.6900001,2.3599999,1.48,1.64,1.64
5222,Film and video camera operators,52,2.73,4.4699998,3.1999998,1.115,4.8249998,1.755,2.3,3.3299999,2.71,2.2449999,1.4349999,1.4000001,1.05
5223,Graphic arts technicians,52,2.6199999,3.77,3.21,1.02,4.7600002,1.25,1.23,3.3199999,2.21,1,1.01,2.6600001,2.26
5224,Broadcast technicians,52,2.3499999,4.1999998,3.01,1.11,4.79,1.98,2.4300001,3.05,2.8099999,2.5599999,1.21,1.9400001,1.17
5225,Audio and video recording technicians,52,2.3699999,3.8599999,3.78,1.1799999,4.8499999,1.38,1.4299999,3.4100001,3.26,1.51,1.37,1.76,1.46
5226,"Other technical and co-ordinating occupations in motion pictures, broadcasting and the performing arts",52,2.7075,4.5749998,3.3400002,1.545,4.5675001,2.0174999,2.135,3.9300001,2.2674999,1.7774999,1.21,1.835,1.3925
5227,"Support occupations in motion pictures, broadcasting, photography and the performing arts",52,2.0599999,4.0900002,3.3366666,1.1900001,4.4033337,1.9,2.4566667,3.29,3.3433335,2.2566667,2.1866667,2.51,1.3099999
5231,Announcers and other broadcasters,52,2.0699999,4.4849997,3.825,1.2249999,4.5249996,1.8900001,2.2550001,3.5050001,4.1999998,2.165,1.0350001,1.05,1
5232,"Other performers, n.e.c.",52,1.27,4.1399999,2.3299999,1.02,3.4000001,1.39,1.4299999,3.55,2.8299999,1.15,1.13,1.03,1.03
5241,Graphic designers and illustrators,52,1.77,4.04,3,1,4.6199999,1.27,1.38,2.3499999,2.3800001,1.23,1,1.08,1.04
5242,Interior designers and interior decorators,52,2.4033334,4.48,3.5733333,1.14,4.6966667,1.64,1.8200001,3.3,2.99,2.1100001,1.22,2.2666667,1.59
5243,"Theatre, fashion, exhibit and other creative designers",52,1.9499999,4.5700002,3.9100001,1.005,4.54,1.15,1.35,2.9200001,2.5050001,1.65,1.1,2.1950002,1.14
5244,Artisans and craftspersons,52,2.6966667,3.3033333,2.9833333,1.0533334,4.2833333,1.9833333,2.0333333,2.78,2.8366666,1.73,1.47,4.02,2.6900001
5245,"Patternmakers - textile, leather and fur products",52,2.345,4.5250001,3.6700001,1.525,4.7600002,1.085,2.165,3.4450002,2.46,1.6949999,1.025,1.505,1.01
5251,Athletes,52,2.6800001,4.3200002,3.3299999,1.23,4.75,2.6600001,4.1999998,3.3699999,3.46,2.76,2.1300001,3.4100001,2.1600001
5252,Coaches,52,3.29,4.75,2.96,1.36,4.2199998,1.26,3.26,3.9400001,2.9200001,2.46,1.37,1.34,1.08
5253,Sports officials and referees,52,2.3299999,4.1500001,3.27,1.4400001,4.27,1.97,3.1500001,3.8499999,3.3599999,1.3,1.15,2.1199999,1.61
5254,"Program leaders and instructors in recreation, sport and fitness",52,4.0900002,4.5150003,3.8699999,2.2,4.5250001,1.8199999,2.5749998,3.77,4.1300001,1.335,1.0550001,1.77,1.22
6211,Retail sales supervisors,62,3.1199999,4.8499999,4.5500002,1.38,4.9499998,1.38,2.05,3.6300001,4.0799999,1.62,1.17,1.67,1
6221,Technical sales specialists - wholesale trade,62,2.2566667,4.6466665,4.3833332,1.1533333,4.6233335,1.6533333,2.4200001,2.7133334,2.5699999,3.2833333,1.2466667,2.26,1.2066667
6222,Retail and wholesale buyers,62,2.29,4.79,4.1700001,1.0599999,4.98,2.02,2.2,3.04,3.1700001,2.45,1.51,2.1400001,1.12
6231,Insurance agents and brokers,62,2.3400002,4.7750001,4.5,1.275,4.895,1.7,2.1099999,3.085,3.145,2.79,1.235,1.29,1
6232,Real estate agents and salespersons,62,2.8899999,4.8199997,4.1599998,1.1900001,4.75,2.48,3.5949998,3.5,3.6849999,4.5550003,1.13,1.2149999,1.12
6235,Financial sales representatives,62,2.2775002,4.7150002,4.0050001,1.1925,4.6100001,1.0550001,1.3575001,2.7825,3.5,1.77,1.0525,1.05,1.0325
6311,Food service supervisors,63,3.22,4.8499999,4.77,2.02,4.48,1.45,2.4000001,4.8099999,3.6900001,1.54,1,4.4200001,1.47
6312,Executive housekeepers,63,2.98,4.4449997,3.1199999,2.9649999,4.3699999,1.28,1.98,2.855,3.48,1.8099999,1.4,3.96,1.2850001
6313,"Accommodation, travel, tourism and related services supervisors",63,3.0625,4.7750001,4.1800003,1.88,4.6275001,1.4974999,1.99,3.9099998,3.665,1.865,1.25,2.1424999,1.285
6314,Customer and information services supervisors,63,3.1900001,4.6999998,4,1.37,4.9299998,1.09,1.21,2.8900001,3.05,1.3,1.01,1.4,1.04
6315,Cleaning supervisors,63,2.635,4.6750002,3.7449999,1.98,4.8199997,1.535,2.625,3.3199999,2.51,2.4749999,1.755,3.335,1.5550001
6316,Other services supervisors,63,2.3199999,4.9200001,3.6600001,1.09,4.9699998,1.64,2.5699999,3.5999999,1.85,2.3499999,1.71,3.03,1.66
6321,Chefs,63,2.8499999,4.6999998,3.74,1.59,4.8800001,2.1500001,2,4.2199998,3.4400001,1.65,1.0700001,3.77,1.5599999
6322,Cooks,63,2.7920001,3.97,3.352,1.612,4.322,1.3100001,1.4679999,3.4119999,3.0640001,1.36,1.074,3.2479999,1.072
6331,"Butchers, meat cutters and fishmongers - retail and wholesale",63,2.7333333,3.7666667,3.7366667,1.5966667,4.0900002,1.0666666,1.7466667,4.1133332,2.7166667,1.6833334,1.1799999,4.7033334,2.4299998
6332,Bakers,63,2.71,4.1849999,2.9650002,1.27,4.3199997,1.105,1.1949999,2.7850001,2.54,1.49,1.355,4.4899998,1.79
6341,Hairstylists and barbers,63,3.6950002,4.8150001,3.925,2.8150001,4.5599999,1,1,4.7399998,4.4700003,1.1700001,1,2.9650002,1.01
6342,"Tailors, dressmakers, furriers and milliners",63,2.3,3.655,3.5050001,1.25,4.2150002,1.135,1.135,2.9850001,3.5149999,1.49,1.0550001,1.205,1.16
6343,Shoe repairers and shoemakers,63,2.2349999,3.7199998,2.165,1.0799999,3.7750001,1.12,1.335,3.3200002,2.1300001,1.23,1.0350001,3.2150002,1.2049999
6344,"Jewellers, jewellery and watch repairers and related occupations",63,1.9825,3.8699999,3.5550001,1.0074999,4.54,1.0775,1.0725,3.2775002,3.01,1.3399999,1,2.9775,1.505
6345,Upholsterers,63,2.3900001,3.6500001,2.5899999,1.09,3.79,1.2,1.2,3.46,2.95,1.29,1.3099999,3.9300001,1.3099999
6346,Funeral directors and embalmers,63,4.4633331,4.6566668,4.4166665,3.8733335,4.3266668,2.8066669,3.8066666,3.8733335,4.3233333,4.2133336,1.1533333,3.5633335,2.6233335
6411,Sales and account representatives - wholesale trade (non-technical),64,2.2249999,4.79,4.5950003,1.115,4.605,1.7,2.4549999,3.1300001,3.7049999,4.1149998,1.075,1.7,1.105
6421,Retail salespersons,64,2.97,4.8733335,4.4899998,1.39,4.7166667,1.6900001,2.2433333,3.71,4.6300001,2.2033334,1.0833334,1.91,1
6511,Maîtres d'hôtel and hosts/hostesses,65,2.8900001,4.7800002,3.9200001,1.65,4.4699998,1.85,1.75,4.1700001,4.0999999,1.23,1.21,2.3099999,1.13
6512,Bartenders,65,3.4400001,4.7049999,4.085,1.365,4.3649998,1.4949999,1.5450001,4.21,4.02,1.085,1.04,1.7349999,1
6513,Food and beverage servers,65,3.575,4.7950001,3.8900001,2.0899999,4.29,1.45,1.39,4,3.7050002,1.12,1.11,3.0799999,1.1099999
6521,Travel counsellors,65,3.0450001,4.7199998,4.5249996,1.25,4.3249998,1.0599999,2,3.7149999,4.395,1.6400001,1.355,1.88,1.0799999
6522,Pursers and flight attendants,65,4.02,4.9299998,4.415,3.115,4.5149999,1.085,1.4200001,4.645,4.2399998,2.4549999,1.12,1.98,1.2950001
6523,Airline ticket and service agents,65,2.9333334,4.853333,3.9633334,1.2466667,4.6100001,1.3133333,2.1033335,3.6366665,3.1199999,1.6833334,1.6166667,2.7633333,1.1333333
6524,"Ground and water transport ticket agents, cargo service representatives and related clerks",65,2.3699999,4.8499999,4.3000002,1.14,4.5100002,1.41,1.6799999,3.5799999,2.8599999,1.34,1.42,1.47,1.04
6525,Hotel front desk clerks,65,3.6766667,4.73,4.6333332,1.2466667,4.52,2.1466668,2.7866669,3.76,4.5133333,2.98,1.2366667,1.3633333,1.1
6531,Tour and travel guides,65,2.7750001,4.4949999,4.645,1.4400001,4.54,1.77,2.375,3.5,4.145,2.76,1.3,1.4549999,1.125
6532,Outdoor sport and recreational guides,65,3.04,4.6700001,4.1900001,2,4.6399999,2.6400001,4.3600001,4.2399998,3.5899999,4.4499998,2.5599999,3.6400001,2.4300001
6533,Casino occupations,65,2.8899999,4.6199999,4.2749996,1.775,4.3699999,1.005,1,4.4549999,3.9349999,1,1,1.425,1
6541,Security guards and related security service occupations,65,2.842,4.4120002,4.0479999,1.998,4.2839999,1.806,3.0019999,3.8859999,3.392,2.1800001,1.2839999,2.862,1.194
6551,Customer services representatives - financial institutions,65,2.8600001,4.9300003,4.3599997,2.0049999,4.8450003,1.145,1.155,3.6900001,4.5450001,1.3199999,1.05,1.12,1.03
6552,Other customer and information services representatives,65,2.6099999,4.8400002,4.0300002,1.1900001,4.4400001,1.1,1.46,3.3,3.51,1.41,1.02,1.05,1.04
6561,"Image, social and other personal consultants",65,3.9300001,4.8200002,4.48,2.28,4.8299999,1,1,4.6900001,4.27,1,1,3.45,1
6562,"Estheticians, electrologists and related occupations",65,3.405,4.3699999,3.085,2.25,4.2599998,1.005,1.005,4.7649999,4.0749998,1,1,3.47,1.5899999
6563,Pet groomers and animal care workers,65,3.1849999,4.4949999,3.76,2.6500001,4.6999998,3.0799999,4.1100001,3.5650001,3.675,2.8199999,1.5899999,2.6600001,1.21
6564,Other personal service occupations,65,4.395,4.3699999,3.4400001,2.9450002,4.1900001,1.26,1.48,4.4899998,3.3299999,1.4349999,1,2.5899999,1.2049999
6611,Cashiers,66,3.1466668,4.8899999,4.4566669,1.9399999,4.6399999,1.17,1.1866667,3.95,4.4033332,1.0433333,1.12,1.6633333,1.0033333
6621,Service station attendants,66,2.6900001,4.5100002,4.4099998,1.14,4.96,3.0899999,4.4499998,3.4000001,3.8199999,3.4300001,1.98,4.75,1.13
6622,"Store shelf stockers, clerks and order fillers",66,2.2049999,4.165,3.4200001,1.355,4.8050003,2.115,2.395,3.665,2.9749999,2.26,2.7149999,3.2950001,1.3
6623,Other sales related occupations,66,2.2950001,4.7349997,4.2349997,1.24,4.1750002,1.395,1.3099999,3.8700001,3.375,1.905,1,1.1900001,1
6711,"Food counter attendants, kitchen helpers and related support occupations",67,3.1900001,4.3400002,3.925,1.4425,4.2150002,1.0775,1.63,3.7925,3.3375001,1.1900001,1.0425,3.4825001,1.1700001
6721,"Support occupations in accommodation, travel and facilities set-up services",67,2.98,4.0699997,3.22,1.5799999,4.2350001,2.635,3.2449999,4.25,2.8150001,3.0050001,2.5899999,3.0149999,1.3299999
6722,"Operators and attendants in amusement, recreation and sport",67,3.6399999,4.8450003,4.0050001,2.24,4.5500002,1.725,2.3600001,4.0999999,4.125,1.96,1.155,2.79,1.22
6731,Light duty cleaners,67,3.01,4.46,2.4100001,3.0599999,4.0700002,1.13,1.28,2.6700001,3.79,1.02,1,4.2800002,1.12
6732,Specialized cleaners,67,2.0999999,3.3599999,2.28,1.65,4.5799999,2.5599999,3.8800001,3.1900001,2.0899999,3.1900001,1.79,3.6099999,2.01
6733,"Janitors, caretakers and building superintendents",67,2.5599999,3.8,2.8199999,2.8800001,4.23,2.05,2.3800001,2.9300001,2.75,1.6799999,1.52,4.0300002,1.8099999
6741,"Dry cleaning, laundry and related occupations",67,2.95,3.5,2.3533332,1.7866666,4.0799999,1.4666667,1.7633333,2.8966668,2.2733333,1.1966666,1.6833333,3.5933335,2.0166667
6742,"Other service support occupations, n.e.c.",67,3.0799999,4.7775002,4.3099999,1.53,4.48,1.8025,2.0525,4.0950003,3.8074999,1.8525,1.2275,2.0899999,1.0875
7201,"Contractors and supervisors, machining, metal forming, shaping and erecting trades and related occupations",72,2.8225,4.6575003,3.6824999,1.275,4.7474999,2.7850001,3.5475001,3.5374999,2.7425001,3.1849999,2.1324999,4.1374998,1.8775001
7202,"Contractors and supervisors, electrical trades and telecommunications occupations",72,2.6600001,4.6700001,3.8966668,1.36,4.79,2.9866667,3.8900001,3.5233333,3.0366666,3.4733334,2.3766665,4.0533333,2.03
7203,"Contractors and supervisors, pipefitting trades",72,2.4949999,4.6149998,3.6600001,1.17,4.7349997,2.76,3.9349999,3.415,2.895,3.3699999,2.3,4.2600002,2.1950002
7204,"Contractors and supervisors, carpentry trades",72,3.03,4.585,3.3600001,1.0999999,4.7249999,2.5900002,3.5550001,3.7049999,2.325,3.05,2.1600001,4.4949999,1.905
7205,"Contractors and supervisors, other construction trades, installers, repairers and servicers",72,2.75,4.5500002,3.6800001,1.1799999,4.8299999,3,4.5900002,3.8299999,2.79,3.78,2.9200001,4.5999999,2.3900001
7231,Machinists and machining and tooling inspectors,72,2.3099999,4.1700001,2.3000002,1.155,4.5,1.425,1.585,3.3199999,1.525,1.2950001,1.515,4.8050003,1.5700001
7232,Tool and die makers,72,2.095,3.9549999,2.1949999,1.01,4.8850002,1.2349999,1.76,3.415,1.325,1.4400001,1.9200001,5,1.7
7233,Sheet metal workers,72,2.5799999,4.2800002,3.25,1.39,4.73,2.5,3.1400001,3.6800001,2.51,2.47,2.29,4.6999998,3.0899999
7234,Boilermakers,72,3.24,4.1399999,2.78,1.61,4.3099999,3.26,4.1500001,3.76,2.0599999,2.55,2.3800001,4.8800001,3.8399999
7235,Structural metal and platework fabricators and fitters,72,2.7649999,4.0799999,2.6199999,1.45,4.4499998,2.8600001,3.5050001,3.8649998,2.01,1.97,2.9749999,5,3.6599998
7236,Ironworkers,72,2.45,4.4299998,2.6199999,1.53,4.1799998,2.22,4.5999999,3.8399999,1.72,1.86,2.99,4.4899998,3.51
7237,Welders and related machine operators,72,2.8899999,3.4000001,1.95,1.015,4.1199999,1.825,2.2350001,2.75,2.2049999,1.74,2.0149999,4.96,2.585
7241,Electricians (except industrial and power system),72,2.55,4.5799999,3.02,1.4400001,4.6500001,3.1300001,3.5,4.0100002,3.23,3.1300001,2.1600001,4.8000002,3.0999999
7242,Industrial electricians,72,2.46,4.145,2.335,1.245,4.4049997,2.3199999,4.4300003,3.5250001,2.2199998,3.6600001,2.6200001,4.585,2.1199999
7243,Power system electricians,72,2.6800001,4.73,2.52,1.62,4.8899999,3.54,4.3200002,4.52,1.65,3.5,2.73,4.98,3.47
7244,Electrical power line and cable workers,72,3.47,4.2600002,3.47,1.4,4.9899998,1.1799999,4.7800002,3.9300001,3.5999999,3.8699999,4.2399998,4.8899999,4.4499998
7245,Telecommunications line and cable workers,72,3.3900001,4.79,3.99,2.3399999,4.4400001,3.5799999,4.8299999,3.54,3.72,4.8000002,2.6400001,4.77,3.04
7246,Telecommunications installation and repair workers,72,3.1800001,4.665,4.1100001,2.0999999,4.3649998,3.0250001,4.585,3.5149999,3.78,4.7600002,2.4349999,4.4250002,2.885
7247,Cable television service and maintenance technicians,72,3.3900001,4.79,3.99,2.3399999,4.4400001,3.5799999,4.8299999,3.54,3.72,4.8000002,2.6400001,4.77,3.04
7251,Plumbers,72,2.55,4.1399999,2.9300001,3.3299999,4.52,2.8199999,3.96,3.3900001,3.49,3.1199999,1.61,4.0500002,2.28
7252,"Steamfitters, pipefitters and sprinkler system installers",72,2.2,4.48,2.48,1.84,4.6700001,2.9000001,3.25,3.9200001,2.24,2.6500001,1.95,5,3.3499999
7253,Gas fitters,72,2.655,4.4099998,3.125,1.72,4.6549997,2.7350001,3.915,3.7850001,2.9099998,3.5450001,1.7750001,4.6849999,2.96
7271,Carpenters,72,2.4333334,4.3833332,3.2766666,1.2466667,4.8366666,2.4066668,3.4699998,3.8666666,2.7333333,2.3800001,2.48,4.8200002,2.5433333
7272,Cabinetmakers,72,2.1566665,3.9733334,2.45,1.2066667,4.7866669,1.3233333,1.6566666,3.1600001,2.3166666,1.65,1.7266667,4.8299999,1.9833333
7281,Bricklayers,72,2.4266667,4.1866665,2.27,1.4066666,4.0666666,2.5833333,4.2133331,4.2233334,2.0433333,1.88,3.03,4.9433331,3.6000001
7282,Concrete finishers,72,2.6700001,3.95,2.6900001,1.1900001,4.3400002,2.9200001,4.8099999,4.4200001,2.23,3.28,3.7,4.4400001,2.95
7283,Tilesetters,72,2.03,3.8449998,2.825,1.375,4.4099998,1.9349999,2.0450001,3.6300001,2.6900001,2.125,1.54,4.4250002,1.785
7284,"Plasterers, drywall installers and finishers and lathers",72,2.6399999,3.7133334,2.4266667,1.2666667,4.5766668,2.3866665,3.1300001,3.3466668,2.3833332,2.4333334,1.9,4.1199999,2.6266668
7291,Roofers and shinglers,72,2.71,4.5,3.3699999,1.17,4.6399999,2.2,4.98,4.0900002,2.9300001,2.97,2.3699999,4.46,3.24
7292,Glaziers,72,2.3599999,4.3899999,3.5799999,1.7,4.8699999,3.78,4.7800002,3.74,3.1400001,3.3099999,2.54,4.7800002,2.55
7293,Insulators,72,2.78,4.1350002,3.0450001,1.51,4.4549999,3.105,3.7449999,3.3499999,2.6100001,3.24,1.98,4.4499998,4.145
7294,Painters and decorators (except interior decorators),72,2.71,4.0900002,2.5,1.29,4.2399998,2.1500001,3.0650001,3.1500001,2.9850001,2.325,1.2950001,4.0650001,3.3400002
7295,Floor covering installers,72,2.1849999,4.4899998,3.335,1.4450001,4.7950001,1.5550001,1.91,3.585,3.0050001,2.75,1.37,3.04,1.865
7301,"Contractors and supervisors, mechanic trades",73,2.99,4.7800002,4.3699999,1.74,4.9000001,3.4400001,3.8,3.74,3.3199999,3.6800001,2.53,3.6400001,1.7
7302,"Contractors and supervisors, heavy equipment operator crews",73,2.75,4.5500002,3.6800001,1.1799999,4.8299999,3,4.5900002,3.8299999,2.79,3.78,2.9200001,4.5999999,2.3900001
7303,"Supervisors, printing and related occupations",73,3.3099999,4.6199999,3.04,1.02,4.6199999,2.1800001,2.52,3.5799999,1.86,2.3199999,1.4,4.3899999,1.42
7304,"Supervisors, railway transport operations",73,3,4.7150002,3.6400001,1.615,4.8599997,1.895,3.835,3.5799999,2.9000001,3.4450002,2.125,4.0349998,1.265
7305,"Supervisors, motor transport and other ground transit operators",73,3.3800001,4.9099998,4.0100002,1.63,4.8099999,2.05,2.97,3.6400001,3.3199999,2.55,2.24,3.25,1.38
7311,Construction millwrights and industrial mechanics,73,2.2866666,4.3533335,2.5733333,1.8033334,4.79,3.1566668,3.8033333,4.0133333,1.6833333,2.74,3.2866666,4.8200002,3.1566668
7312,Heavy-duty equipment mechanics,73,2.6849999,4.21,3.4100001,1.6949999,4.7600002,2.76,4.2399998,3,2.78,3.9200001,4.0300002,4.7049999,1.865
7313,"Heating, refrigeration and air conditioning mechanics",73,2.9549999,4.5349998,3.855,1.6700001,4.605,2.9400001,4.3599997,3.4400001,3.635,3.845,1.35,4.3649998,2.27
7314,Railway carmen/women,73,2.8800001,3.98,2.8399999,1.1,4.5,2.8299999,4.2600002,3.5999999,1.86,3.49,3.9200001,4.8899999,3.5599999
7315,Aircraft mechanics and aircraft inspectors,73,3.28,3.6800001,3.5999999,1.105,4.4099998,2.46,3.0999999,3.1550002,2.95,2.5550001,2.0149999,4.0100002,2.6199999
7316,Machine fitters,73,2.5699999,4.1500001,2.79,1.01,4.73,1.75,2.0999999,3.75,1.71,1.75,2.4300001,4.8800001,2.3199999
7318,Elevator constructors and mechanics,73,2.76,4.0700002,3.71,2.98,4.8000002,3.47,3.48,3.5599999,3.27,3.71,2.04,4.9899998,3.49
7321,"Automotive service technicians, truck and bus mechanics and mechanical repairers",73,2.6875,4.0875001,3.29,1.245,4.4974999,2.4349999,3.1775,3.2725,2.8775001,4.6075001,2.2425001,4.5574999,1.7325001
7322,Motor vehicle body repairers,73,2,4.04,3.0549998,1.015,4.645,2.885,3.385,2.915,3.0599999,4.2249999,1.4400001,4.9300003,3.1099999
7331,Oil and solid fuel heating mechanics,73,3.1099999,4.3400002,3.77,1.6,4.6399999,2.5699999,4.5799999,3.6500001,3.5799999,4.4400001,1.6,4.3699999,2.5699999
7332,Appliance servicers and repairers,73,2.0899999,4.8400002,4.6500001,1.49,4.73,2.8900001,3.49,3.6800001,4.0700002,4.1999998,1.27,2.4300001,1.11
7333,Electrical mechanics,73,2.5699999,3.9300001,3.1600001,2.02,4.6799998,2.3399999,2.6199999,3.3900001,1.85,2.55,1.88,4.6700001,2.46
7334,"Motorcycle, all-terrain vehicle and other related mechanics",73,1.9299999,4.21,3.7550001,1.35,4.6549997,3.0350001,3.78,3.125,2.9449999,2.6300001,3.895,4.0650001,1.625
7335,Other small engine and small equipment repairers,73,2.8099999,4.4200001,3.5699999,1.11,3.6700001,2.3299999,3.5799999,3.1300001,2.9400001,2,3.9000001,4.4099998,1.3
7361,Railway and yard locomotive engineers,73,2.3999999,4.5033331,2.8033333,1.3366667,4.8800001,2.3666668,4.4200001,2.9466667,2.2533333,4.6666665,2.3499999,4.8633332,1.37
7362,Railway conductors and brakemen/women,73,2.4949999,4.4349999,3.135,1.6,4.6499996,1.51,4.8499999,3.0799999,2.355,4.335,2.75,4.6149998,1.115
7371,Crane operators,73,2.79,4.3433332,2.3099999,1.0966667,4.6033335,2.5533333,3.6533332,2.9400001,2.1599998,3.9933333,3.29,4.9633331,2.2733333
7372,"Drillers and blasters - surface mining, quarrying and construction",73,3.0500002,4.1849999,2.7849998,1.2349999,4.6599998,1.99,4.6400003,3.1500001,2.9099998,3.6950002,3.77,4.8850002,2.385
7373,Water well drillers,73,3.3900001,3.99,2.6099999,1.3,4.5300002,1.89,4.3600001,2.6700001,2.8599999,3.3399999,3.72,4.77,2.1800001
7381,Printing press operators,73,2.355,3.8449998,2.4200001,1.005,4.4099998,1.0899999,1.115,2.95,2,1.23,1.725,4.375,1.3499999
7384,"Other trades and related occupations, n.e.c.",73,2.76,4.1257143,3.0928571,1.6814286,4.6399999,2.6028571,3.5614285,3.4371428,2.4485714,3.0385714,2.4614286,4.6085715,2.4414287
7441,Residential and commercial installers and servicers,74,2.7785714,4.1042857,3.5614285,1.2742857,4.4971428,2.4642856,3.9485714,3.74,3.2228572,3.4857142,2.3014286,4.0799999,2.2157142
7442,Waterworks and gas maintenance workers,74,2.7750001,4.3249998,3.3150001,2.5450001,4.73,2.99,4.29,3.4949999,2.9299998,3.615,2.02,4.5050001,2.605
7444,Pest controllers and fumigators,74,2.5,4.3800001,4,2.05,4.6999998,2.8800001,4.6700001,2.8800001,3.8900001,4.9499998,1.3,4.0599999,2.99
7445,Other repairers and servicers,74,2.556,4.0900002,3.914,1.266,4.402,2.0540001,2.4159999,3.188,3.398,2.5940001,1.426,3.632,1.702
7451,Longshore workers,74,2.8699999,4.4699998,3.05,1.12,4.8400002,2.9300001,4.7600002,3.46,1.92,4.2399998,2.97,4.9400001,4.1799998
7452,Material handlers,74,2.8799999,4.0124998,2.6100001,1.1525,4.415,2.5925,3.6224999,3.385,2.4750001,2.5124998,2.9075,4.4775,2.415
7511,Transport truck drivers,75,2.6700001,3.9300001,3.6700001,1.29,4,3,4.4099998,2.6600001,3.4100001,4.6999998,2.6600001,3.8800001,1.5599999
7512,"Bus drivers, subway operators and other transit operators",75,3.3933332,4.5433335,3.8666666,3.0933335,3.97,2.1033332,3.7166667,4.0566669,3.8833332,4.6966667,1.7833333,2.2233334,1.16
7513,Taxi and limousine drivers and chauffeurs,75,3.4300001,4.4499998,4.0799999,2,4.6100001,2.3599999,3.98,4.1500001,3.8,4.6500001,1.83,1.26,1.25
7514,Delivery and courier service drivers,75,2.5349998,4.6800003,3.5799999,1.48,4.3699999,1.8050001,4.5,3.875,3.7,4.6300001,1.7149999,2.9400001,1.075
7521,Heavy equipment operators (except crane),75,2.7785714,4.202857,2.5614285,1.14,4.5657144,2.4757142,4.25,2.9614286,2.5028572,3.5,3.7328572,4.7928572,2.0228572
7522,Public works maintenance equipment operators and related workers,75,3.3050001,4.0900002,3.7,1.67,4.4000001,2.51,4.6750002,3.1950002,3.7249999,4.5799999,3.1600001,4.3699999,1.875
7531,Railway yard and track maintenance workers,75,2.53,4.3899999,2.6633334,1.5366668,4.6199999,1.9666666,4.3600001,3.6500001,2.23,3.6733334,3.21,4.7833333,2.1800001
7532,Water transport deck and engine room crew,75,2.8600001,4.335,2.605,1.59,4.4549999,2.2149999,4.0650001,3.835,2,1.9749999,2.1700001,4.9749999,2.7550001
7533,Boat and cable ferry operators and related occupations,75,2.9300001,4.4333334,3.9966667,1.4866667,4.6233335,3.0366666,4.1733332,3.3333333,3.6566668,3.4566665,2.8933334,4.0066667,1.5633333
7534,Air transport ramp attendants,75,2.0999999,3.3599999,2.28,1.65,4.5799999,2.5599999,3.8800001,3.1900001,2.0899999,3.1900001,1.79,3.6099999,2.01
7535,Other automotive mechanical installers and servicers,75,2.54,4.4266667,3.6600001,1.41,4.7066665,2.8099999,3.4966667,3.6366668,2.9733334,3.2366667,2.1733334,4.5533333,1.7333333
7611,Construction trades helpers and labourers,76,2.7963636,4.0536366,2.8418181,1.5445454,4.5172729,2.7236364,4.1045456,3.6309092,2.3390908,2.6172729,2.7109091,4.619091,2.919091
7612,Other trades helpers and labourers,76,2.78,4.0900002,2.47,1.3099999,4.5999999,1.875,2.6099999,3.45,2.145,2.125,2.5899999,4.4049997,2.0250001
7621,Public works and maintenance labourers,76,3.01,4.0299997,3.7266667,3.0533333,4.3266668,2.1366668,4.9566665,3.3366666,3.5933332,4.5700002,3.2933333,4.7866669,2.0733333
7622,Railway and motor transport labourers,76,2.4749999,3.9200001,2.5999999,1.0599999,4.5650001,2.2349999,2.7199998,3.4850001,2.49,2.0599999,3.4549999,4.71,2.0450001
8211,"Supervisors, logging and forestry",82,2.5699999,4.52,3.3399999,1.11,4.8699999,2.3399999,4.9000001,2.28,2.3199999,4.73,3.6500001,4.8800001,2.05
8221,"Supervisors, mining and quarrying",82,2.75,4.5500002,3.6800001,1.1799999,4.8299999,3,4.5900002,3.8299999,2.79,3.78,2.9200001,4.5999999,2.3900001
8222,"Contractors and supervisors, oil and gas drilling and services",82,2.75,4.5500002,3.6800001,1.1799999,4.8299999,3,4.5900002,3.8299999,2.79,3.78,2.9200001,4.5999999,2.3900001
8231,Underground production and development miners,82,2.7375,4.3249998,1.41,1.3724999,4.6500001,1.9499999,2.3050001,3.4775,1.3675001,2.4575,3.51,4.9000001,3.4524999
8232,"Oil and gas well drillers, servicers, testers and related workers",82,3.1600001,4.5233335,2.9133334,1.2866666,4.6366668,2.8333333,3.8633332,3.9733331,1.83,2.8466668,3.0166667,4.9000001,3.1066668
8241,Logging machinery operators,82,3.5,4.1300001,2.49,1,4.4200001,2.01,4.23,1.55,2.0899999,4.8699999,3.0899999,4.5900002,1.4400001
8252,"Agricultural service contractors, farm supervisors and specialized livestock workers",82,2.4333334,4.3366666,2.8499999,1.5733334,4.3433332,2.9066668,4,2.9866667,1.9399999,3.7333333,2.9099998,3.0166667,2.0533333
8255,"Contractors and supervisors, landscaping, grounds maintenance and horticulture services",82,3.1949999,3.5799999,3.25,1.425,4.29,1.895,4.8649998,3.95,2.9400001,3.575,3.605,4.4949999,2.1399999
8261,Fishing masters and officers,82,2.25,3.9100001,1.89,1.89,4.6900001,3.1099999,4.71,3.8099999,1.64,3.45,2.5699999,4.3800001,2.3599999
8262,Fishermen/women,82,2.25,3.9100001,1.89,1.89,4.6900001,3.1099999,4.71,3.8099999,1.64,3.45,2.5699999,4.3800001,2.3599999
8411,Underground mine service and support workers,84,3.105,3.885,1.785,1.135,4.5100002,1.76,2.095,3.125,1.405,3.03,3.48,5,2.395
8412,Oil and gas well drilling and related workers and services operators,84,2.7449999,4.3400002,3.2150002,1.12,4.3299999,2.7149999,4.9799995,3.1100001,2.2449999,3.8299999,2.5999999,5,2.8200002
8421,Chain saw and skidder operators,84,2.3900001,2.8399999,1.84,1.05,3.79,1.3,4.9400001,1.29,1.47,2.5599999,2.52,4.9699998,1.85
8422,Silviculture and forestry workers,84,3.52,4.6833334,4.3666668,2.3,4.7566667,2.8699999,4.3566666,3.5933335,4.0166664,4.5866666,2.6733334,4.0633335,2.9333334
8431,General farm workers,84,2.6800001,3.4949999,2.145,1.495,4.3499999,2.71,3.75,3.1100001,1.92,3.2125001,3.135,3.4525001,1.6400001
8432,Nursery and greenhouse workers,84,2.04,3.5899999,2.53,1.04,4.0999999,3,3.22,2.5599999,3.4200001,2.2,2.01,2.1400001,1.05
8441,Fishing vessel deckhands,84,2.25,3.9100001,1.89,1.89,4.6900001,3.1099999,4.71,3.8099999,1.64,3.45,2.5699999,4.3800001,2.3599999
8442,Trappers and hunters,84,1.45,3.23,2.6800001,3.6800001,3.45,3.27,4.9099998,1.6799999,3.05,4.1399999,3.0899999,3.6199999,2.0999999
8611,Harvesting labourers,86,2.28,3.0899999,1.8150001,1.155,4.52,1.99,3.29,3.1500001,1.28,2.575,2.8699999,4.0599999,1.83
8612,Landscaping and grounds maintenance labourers,86,2.9649999,3.9199998,3.71,1.1900001,4.4749999,1.5599999,4.835,2.75,3.375,4.4300003,2.9400001,4.8299999,2.665
8613,Aquaculture and marine harvest labourers,86,2.5050001,4.0149999,2.48,2.2,4.4400001,3.425,4.415,3.6900001,2.3599999,3.54,2.8449998,3.47,1.845
8614,Mine labourers,86,3.8499999,4.3000002,2.77,1.15,4.8200002,2.3599999,4.6700001,4.1999998,2.26,4,4.23,5,3.3099999
8615,"Oil and gas drilling, servicing and related labourers",86,2.8299999,4.1500001,2.6900001,1.13,4.6099997,1.97,3.5599999,3.855,2.135,2.2049999,2.8,4.9650002,2.9499998
8616,Logging and forestry labourers,86,2.3800001,3.8,3.29,1.04,4.5500002,2.4000001,4.96,2.9000001,3.01,3.4200001,2.49,4.8299999,1.72
9211,"Supervisors, mineral and metal ",92,3.3099999,4.6199999,3.04,1.02,4.6199999,2.1800001,2.52,3.5799999,1.86,2.3199999,1.4,4.3899999,1.42
9212,"Supervisors, petroleum, gas and chemical processing and utilities",92,3.3099999,4.6199999,3.04,1.02,4.6199999,2.1800001,2.52,3.5799999,1.86,2.3199999,1.4,4.3899999,1.42
9213,"Supervisors, food and beverage processing",92,3.3099999,4.6199999,3.04,1.02,4.6199999,2.1800001,2.52,3.5799999,1.86,2.3199999,1.4,4.3899999,1.42
9214,"Supervisors, plastic and rubber products manufacturing",92,3.3099999,4.6199999,3.04,1.02,4.6199999,2.1800001,2.52,3.5799999,1.86,2.3199999,1.4,4.3899999,1.42
9215,"Supervisors, forest products processing",92,3.3099999,4.6199999,3.04,1.02,4.6199999,2.1800001,2.52,3.5799999,1.86,2.3199999,1.4,4.3899999,1.42
9217,"Supervisors, textile, fabric, fur and leather products processing and manufacturing",92,3.3099999,4.6199999,3.04,1.02,4.6199999,2.1800001,2.52,3.5799999,1.86,2.3199999,1.4,4.3899999,1.42
9221,"Supervisors, motor vehicle assembling",92,3.3099999,4.6199999,3.04,1.02,4.6199999,2.1800001,2.52,3.5799999,1.86,2.3199999,1.4,4.3899999,1.42
9222,"Supervisors, electronics manufacturing",92,3.3099999,4.6199999,3.04,1.02,4.6199999,2.1800001,2.52,3.5799999,1.86,2.3199999,1.4,4.3899999,1.42
9223,"Supervisors, electrical products manufacturing",92,3.3099999,4.6199999,3.04,1.02,4.6199999,2.1800001,2.52,3.5799999,1.86,2.3199999,1.4,4.3899999,1.42
9224,"Supervisors, furniture and fixtures manufacturing",92,3.3099999,4.6199999,3.04,1.02,4.6199999,2.1800001,2.52,3.5799999,1.86,2.3199999,1.4,4.3899999,1.42
9226,"Supervisors, other mechanical and metal products manufacturing",92,3.3099999,4.6199999,3.04,1.02,4.6199999,2.1800001,2.52,3.5799999,1.86,2.3199999,1.4,4.3899999,1.42
9227,"Supervisors, other products manufacturing and assembly",92,3.3099999,4.6199999,3.04,1.02,4.6199999,2.1800001,2.52,3.5799999,1.86,2.3199999,1.4,4.3899999,1.42
9231,"Central control and process operators, mineral and metal processing",92,2.5599999,3.48,1.6900001,1.08,4.02,1.27,1.8200001,2.71,1.49,1.11,2.4300001,5,4.04
9232,"Central control and process operators, petroleum, gas and chemical processing",92,2.50125,4.1849999,2.09375,1.29625,4.6999998,3.23,4.0662498,3.2149999,1.83875,2.73125,2.3387501,4.9475002,2.7825
9235,"Pulping, papermaking and coating control operators",92,2.3050001,3.8000002,1.79,1.5899999,4.355,1.51,1.53,3.7049999,1.4200001,1.1949999,1.5550001,4.6350002,3
9241,Power engineers and power systems operators,92,2.484,4.5180001,2.5640001,1.3200001,4.6900001,2.836,3.4460001,3.448,2.0599999,2.392,2.21,4.4000001,2.6240001
9243,Water and waste treatment plant operators,92,3.0899999,4.0999999,3.05,2.0899999,4.7199998,3.23,4,2.98,3.27,3.3800001,2.71,4.54,2.74
9411,"Machine operators, mineral and metal processing",94,2.5899999,3.8057144,1.8714286,1.3285714,4.3157144,1.6485714,1.9371428,3.1200001,1.7414286,1.4814285,2.4242857,4.9614286,2.5899999
9412,Foundry workers,94,2.5900002,3.845,1.47,1.2,4.1550002,1.145,1.5250001,3.7350001,1.375,1.105,2.325,4.9899998,1.75
9413,Glass forming and finishing machine operators and glass cutters,94,2.6485715,3.6542857,2.0557144,1.1757143,4.2142859,1.4342858,1.63,3.0628572,1.91,1.4857143,1.8471428,4.4142857,2.1857142
9414,"Concrete, clay and stone forming operators",94,2.6371429,3.6971428,2.4385715,1.1799999,4.2542858,1.7214285,1.9157143,3.1100001,2.2857141,1.7,1.9485714,4.4357142,2.1542857
9415,"Inspectors and testers, mineral and metal processing",94,2.5,4.3800001,2.45,1.15,4.3000002,1.7,1.62,3.5799999,1.54,1.37,1.53,4.75,1.6900001
9416,Metalworking and forging machine operators,94,2.4625001,3.9200001,2.145,1.0274999,4.3899999,1.3049999,1.485,3.2525001,1.5425,1.3924999,2.4375,4.79,1.89
9417,Machining tool operators,94,2.4071429,3.5971429,2.0985715,1.0971428,4.4042854,1.1071428,1.3528571,3.0442858,1.5557142,1.38,1.6171428,4.8914285,1.6828572
9418,Other metal products machine operators,94,2,3.73,2.0899999,1.52,4.4400001,1.17,1.96,3.3,1.4299999,1.9400001,2.1099999,5,1.59
9421,Chemical plant machine operators,94,2.4285715,4.0714288,1.8128572,1.3771428,4.6414285,2.4957144,3.05,3.2271428,1.6257143,1.9842857,2.1742859,4.8657141,2.9342856
9422,Plastics processing machine operators,94,2.5057142,3.9742858,1.8714286,1.25,4.3971429,1.26,1.5142857,3.5314286,1.6428572,1.2371429,2.1685715,4.9471431,2.2285714
9423,Rubber processing machine operators and related workers,94,2.52,3.954,1.8099999,1.17,3.7420001,1.368,1.352,3.256,1.548,1.15,1.668,4.3280001,1.6900001
9431,Sawmill machine operators,94,2.1700001,3.9400001,1.2,1.22,4.3000002,1.8,2.04,3.28,1.39,1.4299999,1.73,5,1.09
9432,Pulp mill machine operators,94,2.8425,4.085,1.905,1.3299999,4.4749999,2.145,2.865,2.825,1.8625,1.6950001,2.2850001,4.9225001,2.72
9433,Papermaking and finishing machine operators,94,3.27,4.4299998,2.2,1.13,4.7199998,1.0599999,1.12,3.4200001,1.77,1.0599999,1.25,4.7800002,1.11
9434,Other wood processing machine operators,94,2.375,3.645,1.87,1.29,4.6149998,1.65,1.73,3.25,1.38,1.415,1.855,4.6599998,2.2
9435,Paper converting machine operators,94,2.5019999,4.256,2.2520001,1.27,4.4720001,1.278,1.344,3.6240001,1.488,1.166,1.74,4.6259999,2.28
9436,Lumber graders and other wood processing inspectors and graders,94,2.5,4.3800001,2.45,1.15,4.3000002,1.7,1.62,3.5799999,1.54,1.37,1.53,4.75,1.6900001
9437,Woodworking machine operators,94,2.02,3.6400001,2.28,1.03,4.8499999,1.38,1.7,3.05,1.3,1.4400001,1.73,4.3200002,1.99
9441,"Textile fibre and yarn, hide and pelt processing machine operators and workers",94,2.6775,3.8074999,1.46,1.2425001,4.3049998,1.3325,1.6324999,2.9849999,1.7725,1.1075001,1.6875,4.5999999,1.72
9442,"Weavers, knitters and other fabric making occupations",94,2.155,3.5700002,1.6849999,1.135,3.825,1.0599999,1.26,3.095,1.63,1.0650001,2.0250001,4.4700003,2.1300001
9445,"Fabric, fur and leather cutters",94,2.585,3.3699999,1.3499999,1.015,3.7950001,1.025,1.22,2.7649999,1.625,1.0650001,1.505,2.3900001,1.47
9446,Industrial sewing machine operators,94,2.2150002,3.5599999,1.8050001,1.515,4.0749998,1.3150001,1.54,3.405,1.6849999,1.24,1.4349999,3.1999998,1.385
9447,"Inspectors and graders, textile, fabric, fur and leather products manufacturing",94,2.5,4.3800001,2.45,1.15,4.3000002,1.7,1.62,3.5799999,1.54,1.37,1.53,4.75,1.6900001
9461,"Process control and machine operators, food and beverage processing",94,2.8144445,3.9944444,1.9988889,1.2222222,4.4499998,1.7866666,2.3199999,2.991111,1.9188889,1.5177778,2.3544445,4.7477779,2.3911111
9462,"Industrial butchers and meat cutters, poultry preparers and related workers",94,2.7333333,3.7666667,3.7366667,1.5966667,4.0900002,1.0666666,1.7466667,4.1133332,2.7166667,1.6833334,1.1799999,4.7033334,2.4299998
9463,Fish and seafood plant workers,94,2.7433333,3.5566666,2.6066666,1.4400001,4.0900002,1.1900001,1.7466667,3.2066667,2.0466666,1.5700001,1.47,4.7666669,2.2233334
9465,"Testers and graders, food and beverage processing",94,2.5,4.3800001,2.45,1.15,4.3000002,1.7,1.62,3.5799999,1.54,1.37,1.53,4.75,1.6900001
9471,Plateless printing equipment operators,94,2.3499999,4.0599999,3.6700001,1.16,3.8199999,1.24,1.73,3.22,2.78,1.28,1.16,1.6900001,1.08
9472,"Camera, platemaking and other prepress occupations",94,2.5250001,3.7550001,2.6799998,1,4.8099999,1.075,1.255,3.02,2.1849999,1.4400001,1.085,2.51,1.4349999
9473,Binding and finishing machine operators,94,2.5,3.5699999,2.51,1,4.6999998,1.05,1.1,3.21,2.03,1.1900001,1.47,3.9300001,1.16
9474,Photographic and film processors,94,2.3299999,4.27,4.0300002,2.6400001,4.8600001,1.76,2.23,3.3299999,3.95,1.41,1.04,1.95,1.1799999
9521,Aircraft assemblers and aircraft assembly inspectors,95,2.51,3.97,2.29,1.35,4.7800002,1.4400001,1.45,3.3800001,1.83,1.46,1.53,4.9699998,2.6099999
9522,"Motor vehicle assemblers, inspectors and testers",95,1.95,4.5500002,2.5550001,1.265,4.6000004,2.325,2.6300001,3.6999998,1.53,2.4649999,1.97,4.54,1.5450001
9523,"Electronics assemblers, fabricators, inspectors and testers",95,2.575,3.8800001,2.2,1.13,4.2849998,1.3075,1.4825,3.415,1.7775,1.415,1.5425,4.7525001,2.2049999
9524,"Assemblers and inspectors, electrical appliance, apparatus and equipment manufacturing",95,2.4866667,3.6866667,2.2233334,1.15,4.4166665,1.2833333,1.5066667,3.3366666,1.9133333,1.1933334,1.6,4.8933334,1.8933333
9525,"Assemblers, fabricators and inspectors, industrial electrical motors and transformers",95,2.5599999,3.52,2.1599998,1.095,4.1549997,1.415,1.7049999,3.335,2.1399999,1.2750001,1.8150001,4.8499999,2.1099999
9526,Mechanical assemblers and inspectors,95,2.4366667,4.2366667,2.8266666,1.1333333,4.5799999,1.8200001,2.2366667,3.5766666,1.66,1.9233334,2.3366666,4.8299999,2.3033333
9527,"Machine operators and inspectors, electrical apparatus manufacturing",95,2.1900001,4.165,2.2849998,1.39,4.3150001,1.4000001,1.46,3.77,1.46,1.1849999,1.3299999,4.5100002,2.6399999
9531,Boat assemblers and inspectors,95,2.6100001,4.21,2.145,1.125,4.4099998,1.615,1.64,3.95,1.98,1.3050001,1.71,4.8249998,2.6500001
9532,Furniture and fixture assemblers and inspectors,95,2.5,4.3800001,2.45,1.15,4.3000002,1.7,1.62,3.5799999,1.54,1.37,1.53,4.75,1.6900001
9533,Other wood products assemblers and inspectors,95,2.5,4.3800001,2.45,1.15,4.3000002,1.7,1.62,3.5799999,1.54,1.37,1.53,4.75,1.6900001
9534,Furniture finishers and refinishers,95,2.77,3.5349998,2.3299999,1.0550001,4.3200002,1.2850001,1.265,3.2449999,2.29,1.255,1.135,3.7950001,2.4450002
9535,"Plastic products assemblers, finishers and inspectors",95,2.72,4.04,1.84,1.1,4.52,1.53,1.66,4.3200002,2.4200001,1.24,1.89,4.9000001,3.6099999
9536,"Industrial painters, coaters and metal finishing process operators",95,2.2733333,3.5633333,2.1833334,1.2433333,4.3833332,1.29,1.6533333,3.4200001,1.66,1.79,1.62,4.6233335,3.6433334
9537,"Other products assemblers, finishers and inspectors",95,2.3428571,3.9000001,2.1442857,1.1185714,4.5585713,1.21,1.3371428,3.2971427,1.9399999,1.29,1.3985714,4.007143,1.9614285
9611,Labourers in mineral and metal processing,96,2.4349999,3.5999999,2.135,1.335,4.4449997,2.0899999,3,3.1800001,2.0949998,2.3699999,2.3299999,4.2750001,2.29
9612,Labourers in metal fabrication,96,2.77,3.8399999,1.99,1.02,4.3099999,1.62,2.1199999,3.1700001,2.0999999,1.55,2.8699999,4.9400001,2.5699999
9613,Labourers in chemical products processing and utilities,96,2.4366667,3.6899998,2.0466666,1.25,4.3166666,1.8733333,2.5733333,3.0733333,1.8433332,1.99,2.0999999,4.4366665,2.1199999
9614,"Labourers in wood, pulp and paper processing",96,2.6875,3.9649999,2.3724999,1.095,4.4274998,1.755,2.4299998,3.4075,2.3125,1.6025,2.4449999,4.4175,1.76
9615,Labourers in rubber and plastic products manufacturing,96,2.77,3.8399999,1.99,1.02,4.3099999,1.62,2.1199999,3.1700001,2.0999999,1.55,2.8699999,4.9400001,2.5699999
9616,Labourers in textile processing,96,2.4366667,3.6899998,2.0466666,1.25,4.3166666,1.8733333,2.5733333,3.0733333,1.8433332,1.99,2.0999999,4.4366665,2.1199999
9617,Labourers in food and beverage processing,96,2.6875,3.9649999,2.3724999,1.095,4.4274998,1.755,2.4299998,3.4075,2.3125,1.6025,2.4449999,4.4175,1.76
9618,Labourers in fish and seafood processing,96,3.3599999,4.1500001,2.4200001,1.1799999,4.52,1.11,2.5599999,3.8,2.9300001,1.0599999,1.23,3.49,1.17
9619,"Other labourers in processing, manufacturing and utilities",96,2.6400001,4.0339999,2.132,1.368,4.2280002,1.73,2.4560001,3.3299999,2.0699999,1.6980001,2.286,4.4679999,1.804
